deal_name,restaurant_name,location_name,match_confidence,restaurant_id,restaurant_group_id,restaurant_group_name,fly_allocation
Anton's West Village,Nowon - East Village,East Village,88.9%,187b348e-cbac-415f-8a3e-22505b38305e,8c8ffae7-7b2e-4679-95f1-7393e05db05b,Nowon,"250,000"
Crown Shy Financial District,Crown Shy,Financial District,88.6%,3d45ee2c-1709-400c-8604-cf6f0cc55302,7c435f30-a2ba-4393-83ee-86aff33a72e1,Saga Hospitality Group,"250,000"
Nami Nori West Village,Nowon - East Village,East Village,80.0%,187b348e-cbac-415f-8a3e-22505b38305e,8c8ffae7-7b2e-4679-95f1-7393e05db05b,Nowon,"250,000"
Madame Vo East Village,Nowon - East Village,East Village,90.0%,187b348e-cbac-415f-8a3e-22505b38305e,8c8ffae7-7b2e-4679-95f1-7393e05db05b,Nowon,0
Hoseki Midtown,Hoseki,Midtown,90.0%,e31a4b1a-c388-4c99-b249-2d4cbf96a582,f353c94a-c4fb-4eb9-bb53-edc46de8a985,Hoseki,0
Melfi's Downtown Charleston,Melfi's,Downtown Charleston,81.2%,f649ca79-f27c-450f-a287-41b0af2b0a30,03e8295a-6cb4-483b-9c53-ffa2b8ec1ec8,Rerun Restaurants,"250,000"
Andros Taverna North Side,Andros Taverna,Logan Square,91.8%,7d952882-e0a2-4be7-ba63-a1cc418d03f1,b8d1188d-8e54-4544-9fae-252d6369e027,Eat Well Hospitality,"250,000"
Kwei Fei Riverland Terrace,Kwei Fei,Riverland Terrace,87.1%,9c38c8a7-2b2a-412a-bc81-957161060439,8b292448-3d3e-4133-9448-c3857bd27da2,Always Awkward Hospitality,"250,000"
Llama Inn Williamsburg,Veselka Williamsburg,Williamsburg,81.4%,5a02aa66-fc07-4b42-b412-c13515a47316,a5197cd6-00a1-408a-9e6e-a2669e1c6417,Veselka,"250,000"
Insa Gowanus,Insa,Gowanus,90.0%,7bfa14c8-038b-432e-b879-94b9f1c74286,8d8b6814-d688-462e-942e-0e568dc448e5,Insa,"250,000"
The Daily Buckhead,The Daily,Cannonborough,82.6%,b29fb7c4-a28f-47c3-bdda-cb9438bfc417,01ca53a2-d031-4289-b6c7-f13243eb75e3,The Daily,"250,000"
Mishik Hudson Square,Mishik,Hudson Square,81.2%,acd4cafb-7794-4094-8c58-04531443208c,85f68972-fb9a-4c6e-b79f-f4f0b112ad69,Mishik,"1,000,000"
Unregular Bakery Union Square,Unregular Bakery,Union Square,91.1%,a0074e2e-c12d-43c4-b07f-f7eba58fa86e,0bae5bc6-3581-4784-8ddc-9d83f59777fe,Unregular Bakery,"1,000,000"
Steak Frites Bistro Hell's Kitchen,Steak Frites Bistro,Hell's Kitchen,91.7%,6cc3d952-c50f-4e9c-8691-6e9db761f6b1,95daf746-7174-4e83-8eff-b8eaa9a94bf9,Steak Frites,"1,000,000"
Alidoro Bryant Park,Alidoro,Bryant Park,88.8%,d3906dd6-27ba-44aa-a8f8-b71941b64fb9,fa5c6b2d-8dce-420f-8ad2-e61f3dd44e59,Alidoro,"500,000"
Soda Club,Hudson Club,Midtown,80.0%,deea7def-04d6-4c6d-b764-f310395d7619,01415935-9b26-4591-92e3-27c67b539b8a,Hudson Club,"250,000"
Renzo Hampton Park Terrace,Nº. 79 Bar & Terrace,Nº. 79 Bar & Terrace,80.5%,7911e70b-5214-4ad2-ac4b-e6c0e56fa91a,2d137033-a0d3-4b67-a145-661dc58fc55d,No. 79,"500,000"
Piccolo Angolo West Village,Criollas West Village,West Village,90.8%,ff22710d-c7ce-4fea-8aca-5301f23b20f9,c0a7f98b-d21e-49b6-b627-1c26939729ef,Criollas Baked Empanadas,"500,000"
Burgerhead Greenwich Village,Burgerhead,Greenwich Village,87.6%,98fe30fa-14bd-48ab-a30f-17f853329004,ea058449-28e2-48e4-a1a2-2c0f64c5af76,Burgerhead,"500,000"
Unregular Pizza Upper East Side,Unregular Pizza,Lower East Side,90.2%,8679d471-40a0-46b8-b41b-7d18c249226b,8cf91e48-faf9-4df5-9552-f46a0bd0d1cd,Unregular Pizza,"500,000"
Jaffa Williamsburg,Veselka Williamsburg,Williamsburg,83.7%,5a02aa66-fc07-4b42-b412-c13515a47316,a5197cd6-00a1-408a-9e6e-a2669e1c6417,Veselka,"500,000"
K'Far Williamsburg,Veselka Williamsburg,Williamsburg,88.9%,5a02aa66-fc07-4b42-b412-c13515a47316,a5197cd6-00a1-408a-9e6e-a2669e1c6417,Veselka,"500,000"
Laser Wolf Williamsburg,Veselka Williamsburg,Williamsburg,84.4%,5a02aa66-fc07-4b42-b412-c13515a47316,a5197cd6-00a1-408a-9e6e-a2669e1c6417,Veselka,"500,000"
Greywind Hudson Yards,Greywind,Hudson Yards,90.2%,485f70c7-dfcd-4e4a-99ba-a860e370ca73,1c7eda20-2e5c-49e4-b91e-d2ca036cbfcb,Greywind,"1,000,000"
The Press Cannonborough,The Press,Cannonborough,81.7%,1412bfd7-4df9-4b9e-b8df-8368b936065a,04b17536-7766-446f-80bc-415e11cacd28,The Tippling House / The Press,"500,000"
Dhamaka Lower East Side,Dhamaka,Lower East Side,81.7%,f8b3e12b-d433-4131-99fe-0061a0e3943e,dd835bb3-b594-48c0-ab26-16811eb8b8f0,Unapologetic Indian,"500,000"
BlindPig Tenderloin,BlindPig,Tenderloin,89.3%,905a6d08-db56-41f9-a49a-5c445ab0c10a,865608b3-5ebf-4afd-a86d-c12bd9304b18,Blind Pig,"500,000"
Rudy Royale Downtown,Rudy Royale,Downtown,91.0%,fa29c8d1-5137-4c1a-815b-01015c303d9b,5ebb6cfa-091f-4ea4-807b-22cbe4a15f3a,Rudy Royale / Stars / Lillian's,"500,000"
Trinity Pacific Heights,Trinity,Pacific Heights,81.7%,d9ce1a3d-86da-4186-ba0d-68a6f3a460f5,b28abd69-96c1-4dc2-abbe-5d44d7685fdb,Johnny Love Group,"500,000"
Semma Greenwich,Semma,Greenwich,90.0%,07fba989-5431-4ef1-be55-3d377ed37650,62e4b303-3e1d-4eea-bada-bdc776405e33,Semma,"500,000"
The Refuge Isle of Palms,The Refuge,Isle of Palms,81.2%,5deb6019-72a6-46b1-9272-0467df4b0164,5b015f38-7a83-47d6-b852-5a55d4bb2624,The Refuge,"500,000"
Isa Restaurant Marina,Amarena,Russian Hill,80.6%,1ed0d1bd-3256-4369-b310-0e45903ef42d,1dc21ea6-d805-4a25-8057-621e12a3263c,Amarena,"500,000"
Besharam Potrero Hill,Besharam,Potrero Hill,90.2%,575ca8f4-f085-4315-9b92-ac8cf24cf4b4,0ee4ef47-3899-4299-814e-aceb554e3a1c,Besharam,"500,000"
Adda,Dada,Ridgewood,85.0%,454dd4f5-3f9f-48a6-a022-27528b1f07df,94135ded-e759-4c7d-96d2-0fd7306b14a9,Dada,"500,000"
Bodega Downtown,Bodega (Dine In),Downtown Charleston,89.0%,4efb6b25-e0f0-417e-ac25-2deab254ef48,e7ac75ad-c53f-460a-9592-738a1ee99ea4,Uptown Hospitality Group,"500,000"
Dashi Park Circle,Dashi,Park Circle,80.5%,648c3550-3919-49f5-8c90-e196d104205c,0cec2453-99f1-402c-8b84-2fc9a9417950,Dashi,"500,000"
Gjelina NY Gjelina NY,Gjelina,NoHo,80.0%,442752dd-b0a8-4f3d-979a-fa2223d17c1d,2e3d7ebe-1e97-4b7f-be9b-df56ae5536f5,Gjelina,"500,000"
Corner Bar,Center Bar,Columbus Circle,90.0%,1951a8cd-d0a7-4b90-9931-e1ea85a73789,f774ff15-9e88-4e16-a22b-cabdb4199168,Porter House / Center Bar,"250,000"
Trad Room Bedford-Stuyvesant,Trad Room,Bedford-Stuyvesant,88.6%,bf5f63fe-aa4e-49de-b304-f5b335ac121e,4cee774d-4b22-4bc3-82bb-d6cc13e11ed8,Trad Room,"500,000"
Sami & Susu Lower East Side,Sami & Susu,Lower East Side,87.9%,8d8d6aec-d000-4dc0-9475-8b81a458d5e3,4cc8e2f2-f801-4928-a8b4-8ab50a9fac98,Sami & Susu,"500,000"
Bus Stop Pacific Heights,Bus Stop,Pacific Heights,90.0%,bb33b5f8-bdda-4ab8-b061-40b3c69b0eb3,6bffc2b4-1771-4f8b-94da-ebc8219c8f0f,Joe Wallace Group,"500,000"
Ivan Ramen Lower East Side,Ivan Ramen,Lower East Side,90.6%,cbf7da26-6e02-4a8c-9629-8075ce01538b,60f7b359-20f8-4b9b-a1bd-c7e5e3d9d9dd,Ivan Ramen,"500,000"
82 Queen French Quarter,82 Queen,French Quarter,91.6%,6716d586-8714-4450-bdee-550655e46a45,7065715a-94f8-4da6-bbe1-7e1af4c2bfed,Queen Street Hospitality Group,"500,000"
Collina Russian Hill,Collina,Russian Hill,86.9%,4ccac447-e272-4ccc-b534-0b56cea1bab9,86a695ec-2916-4119-be7e-b7151187d8f3,Collina / Seven Hills,"500,000"
Ma'am Saab Downtown Charleston,Ma'am Saab,Downtown Charleston,90.0%,f360f42c-1102-4781-b547-e119e26ea543,4200ac00-aaa0-40bb-bc1b-48d8de85ad9a,Ma'am Saab / Malika Canteen,"500,000"
Estadio Cannonborough,Estadio,Cannonborough,80.0%,41063c94-abbc-469d-a42d-c7c4459f47a0,f85d9cf4-6312-40c0-bd98-d5d2c43dc7bc,Estadio,"500,000"
Oceans New York,Hutong New York,Midtown,88.3%,bd4acd44-4abf-42cd-a93a-50af3df2f340,7d1ad92a-844d-4507-9246-6a05a8507ecc,Aqua,"500,000"
Layla Williamsburg,Veselka Williamsburg,Williamsburg,88.9%,5a02aa66-fc07-4b42-b412-c13515a47316,a5197cd6-00a1-408a-9e6e-a2669e1c6417,Veselka,"500,000"
Perry's Pacific Heights,Perry's,Pacific Heights,86.7%,bec8ddda-3174-4543-8016-c394463cea77,fe675d46-bb6a-4d5f-ae1a-64c9577bacb0,Perry's,"500,000"
Gus's Cobble Hill,Gus's,Cobble Hill,85.5%,58b2b03a-493e-4f66-864d-112af76a4a32,977b415e-7dea-49aa-a76e-3dc2e48e8d18,Gus's,"500,000"
Kanyakumari Union Square,Kanyakumari,Union Square,87.9%,35760695-2af7-4ed2-b906-b4a8043ec1a5,3eff8a74-e098-446d-95d6-7dcd3b016a34,Fungi Hospitality,"500,000"
Hazie's Hayes Valley,Hazie's,Hayes Valley,91.9%,441043af-7b4d-4f89-ab90-f92ac63a1940,dcf5d720-6296-4355-a33f-225a2747bef6,Hazies,"500,000"
Leon's - New Deal,Leon's,Union Square,87.1%,19e480cf-e8f9-4ce5-94f8-19eeca178207,bd0a2b6c-d052-4656-871c-d6b6067b6aee,Anton's,"500,000"
Indian Accent Indian Accent,Indian Accent,Indian Accent,90.0%,5db01ae4-bfa5-4778-95f9-9f25163b3ecc,8cc30cdd-6088-4491-a023-95f5d21edc95,Indian Accent,"500,000"
Veselka Grand Central,Veselka,East Village,85.0%,97fd500a-b86c-4daa-be1e-c1931120a71c,a5197cd6-00a1-408a-9e6e-a2669e1c6417,Veselka,"500,000"
Dalida Mission,Dalida,Mission,90.0%,ad840011-4e34-4242-a78b-23ebf509d16c,c367f0ed-1ce4-483c-8975-13a0821ac9a7,Dalida,"500,000"
Octavia Pacific Heights,Octavia,Pacific Heights,81.7%,15cc087f-3108-458e-ac4c-aff79aa919ce,052e04f5-b43a-4785-9b9c-f19fb472352b,Frances / Octavia,"500,000"
Inday All Day Williamsburg,Inday All Day,Williamsburg,91.7%,8f227eea-26af-4212-93ab-45c6e2e50952,6f8e354d-4c3f-4722-891a-5e0d6316e5c2,Inday,"500,000"
Gair Dumbo,Gair,Dumbo,87.1%,ac2ab9f4-cd36-4cd7-aac2-85b8d289c347,69dc2a30-938e-444c-97df-4d644cf9d08b,Gair,"500,000"
The Commodore Williamsburg,Commodore II,LES,80.6%,8894f0e0-e7d7-4b14-8b9a-329e760117f9,d41efca1-f4b1-43e7-b24b-a51a500b7573,The Commodore Bars,"500,000"
Berkeley’s Hampton Park Terrace,Berkeley’s,Hampton Park Terrace,83.8%,a6166c2b-dc7f-42a1-b8a6-4d77cd3a22f4,d4e624dd-a966-4c3a-a78d-8deb5da66271,The Archer / Berkeley's,"500,000"
The Harlow James Island,The Harlow,James Island,83.0%,c396f294-a9b9-4f21-a26a-c700af124aec,83d3f742-f48d-4ff4-8130-33406ff427e0,The Harlow,"500,000"
Little Rascal Greenpoint,Little Rascal,Greenpoint,90.3%,47612c2f-3e7e-4fb9-ba41-8d7310191c88,87f2c447-ad1d-42a1-a06c-981284da77a6,Little Rascal,"500,000"
Verde Park Circle,Verde,Avondale,80.5%,dde66a49-1671-44a5-96a5-73b1f8c6cac1,2fc1aa71-b3ff-475b-86bb-b1578d0b6f1e,Verde,"500,000"
Frannie & The Fox Downtown,Frannie & The Fox,Downtown,91.0%,cf0dda93-b7a8-4c17-bf12-bea8f8c9bd41,3b3b5f97-45a0-451f-bdd4-9c221a041538,Hotel Emeline,"500,000"
Bar Enzo Long Island City,Bar Enzo,Long Island City,83.5%,c734fead-61d2-451a-b217-ae2ed2879735,93ae0fe1-50c7-42ef-bf81-d894f4c6e069,The Greats of Craft & Bar Enzo,"500,000"
Meraki Williamsburg,Veselka Williamsburg,Williamsburg,86.9%,5a02aa66-fc07-4b42-b412-c13515a47316,a5197cd6-00a1-408a-9e6e-a2669e1c6417,Veselka,"500,000"
Trevino Wine Bar,Corsica Wine Bar,RiNo,83.8%,afbd71ed-bd4a-4b17-add9-befa791404db,73903e2e-8dbe-4cf7-9bd6-3dd3aab12327,Barcelona Wine + Corsica,"500,000"
Verde - King Street,Verde,Avondale,80.5%,dde66a49-1671-44a5-96a5-73b1f8c6cac1,2fc1aa71-b3ff-475b-86bb-b1578d0b6f1e,Verde,"500,000"
Rosevale Cocktail Bar - New Deal,Rosevale Cocktail Room,Midtown,83.1%,6b67c6a1-1f69-4dbd-842c-dafe8601a26d,b6bd8332-ccba-4ec8-ac5d-5382e7602b21,Carver Road Hospitality,"500,000"
Wildflower Chelsea,Wildflower,Chelsea,91.4%,5f0ce86b-ebc3-48ee-b224-2fb78599efff,9cc9e631-41ba-4de9-a22b-1bc287ba4b3e,Madam Mikette's / Wildflower,0
HED 11 SOMA,HED 11,Japantown,90.6%,902d8852-5df2-4215-81ff-81f24a134133,2c2a0d74-8916-4726-8e5f-640fcbf9beda,HED 11,"500,000"
Little Palm Downtown,Little Palm,Downtown,91.0%,7bca934c-6934-40d1-8b8d-eece287cfba3,3b3b5f97-45a0-451f-bdd4-9c221a041538,Hotel Emeline,"500,000"
Carlotto Union Square,Carlotto,Union Square,90.2%,796a1658-19b8-4bc5-a06f-20ed9310f0b9,69d05307-fbb4-4053-9e60-26903c34bbac,Toptable Group,"500,000"
Amarena Russian Hill,Amarena,Russian Hill,86.9%,1ed0d1bd-3256-4369-b310-0e45903ef42d,1dc21ea6-d805-4a25-8057-621e12a3263c,Amarena,"500,000"
Wine:30 - New Deal,Wine:30,Nomad,90.9%,4e2e487b-ff97-42b4-b152-7ad5d4525f3f,48234d43-a7ba-4a22-9bef-c2cf894cc373,Wine:30,"500,000"
Blanca Bushwick,Nowon - Bushwick,Bushwick,89.0%,74764720-94b0-4be2-a50e-b358dda5b45d,8c8ffae7-7b2e-4679-95f1-7393e05db05b,Nowon,"500,000"
Foul Witch Alphabet City,Foul Witch,Alphabet City,88.8%,29088512-c0f4-4bcd-92bb-f5ecd550803c,c3d4c1ab-acc3-45be-b318-18ae9f680470,Roberta's,"500,000"
Roberta's Williamsburg,Roberta's,Bushwick,88.1%,ad248d48-8f51-4f00-83f5-4771f1926f8a,c3d4c1ab-acc3-45be-b318-18ae9f680470,Roberta's,"500,000"
Lowland French Quarter,Lowland,French Quarter,83.3%,8c0bd0a8-1aca-48f0-9a7d-330e01c7ba5d,03ebd4e9-ae20-4413-97fa-3cd8f9958b02,Lowland Charleston,"500,000"
Arthur and Sons Murray Hill,Arthur and Sons,Murray Hill,91.4%,37544e61-37fc-408e-b23c-1c5d9ba9af0a,8c6f8248-cae5-4809-a0e7-cbc557c5f722,Arthur and Sons,"500,000"
Brooklyn Brewery Williamsburg,Brooklyn Brewery,Williamsburg,91.1%,94baead0-d295-42c5-8ad9-26d345909160,facaeef8-3bb3-47c2-a6df-f20f0239dac4,Brooklyn Brewery,"500,000"
X-Golf Williamsburg,Veselka Williamsburg,Williamsburg,91.8%,5a02aa66-fc07-4b42-b412-c13515a47316,a5197cd6-00a1-408a-9e6e-a2669e1c6417,Veselka,"500,000"
Midnights - New Deal,Midnights,Williamsburg,91.7%,41078c6c-8d25-4906-90aa-8f43a1d6e9dd,58db2dc6-dcf9-4f42-8caa-9f0d6b3f290e,Vantage Point Hospitality,"500,000"
Good Thanks- LES - New Deal,Good Thanks,Williamsburg,87.9%,ff51d2df-ff2d-4477-b092-be8205e15961,ca87e91a-d4dc-4f68-81f3-41b977629a68,Good Thanks,"500,000"
Threes Brewing Greenpoint,Threes Brewing,Gowanus,91.8%,aff2dceb-35c0-4f5e-ac2e-5e3c1727ad1b,70d75be6-7dfc-473c-88af-ce69229d48bd,Threes Brewing,"500,000"
Park Gyros,Park & Grove,Downtown,90.0%,3b1d0c00-8e4a-4fd7-82a1-130f7fcbfb44,dcd6fd21-f7ef-481d-ad65-ba20ebce56d8,Taco Boy / Park & Grove,"500,000"
Bettola - New Deal,Bettola,Inner Richmond,85.9%,946fc993-8cbf-4658-a842-b96319c33f2f,0b964596-c124-4542-b7dd-7fe053e4db6e,Bettola,"500,000"
Montesacro - Marina Marina,Montesacro,Marina,88.8%,6e0a2a22-dc18-45a1-84aa-6795a0ecd304,3e585419-301a-4283-b7d9-071d24b18b56,Montesacro,"500,000"
Montesacro Pinseria - SoMa - New Deal,Montesacro,Marina,81.5%,6e0a2a22-dc18-45a1-84aa-6795a0ecd304,3e585419-301a-4283-b7d9-071d24b18b56,Montesacro,"500,000"
Seamore's Brookfield Place,Seamore's,Brookfield Place,91.4%,69a69019-48a4-4989-b0b6-c973507fdc10,8ca9a27e-2954-414d-b43a-62e4bf673e13,Seamore's,"500,000"
Threes Brewing Huntington,Threes Brewing,Gowanus,91.8%,aff2dceb-35c0-4f5e-ac2e-5e3c1727ad1b,70d75be6-7dfc-473c-88af-ce69229d48bd,Threes Brewing,"500,000"
BRISCOLA TRATTORIA - New Deal,Briscola,Crown Heights,80.7%,db4a0287-fcc3-4d19-8cc3-547475a7d715,64ce2401-7a33-4400-8cad-683078ad24fc,LaRina,"500,000"
Someday Bar NYC - New Deal,Someday Bar,Brooklyn Heights,87.9%,c52f3ae0-fea3-44c6-83af-6c02c6f7963c,37182181-5a5e-4cbc-aeb8-afa26c134b50,Someday Bar,"500,000"
Wabi Nori - New Deal,Wabi Nori Hand Roll Bar,Lower East Side,83.4%,00bd6b49-8faf-48d0-8917-54a09c34464b,ae67dcaa-a874-4b4d-b2b8-0d45f6f26592,Wabi Nori Hand Roll Bar,"500,000"
Burgers and Beer NYC - New Deal,Burgers and Beer,West Village,91.1%,1ae8ba6a-b429-4aa7-b61a-d08a1cd8c905,ea2589e9-797b-4391-afda-95200fafb492,Tio Pepe,0
Tamarind Tribeca - New Deal,Tamarind,Tribeca,83.5%,5c75368d-ee7f-4594-b172-b5e5d162cb11,7f35a4ac-8f01-4a34-9380-0b61e1baf66e,Tamarind,"500,000"
Kalye - Rivington,Kalye,Kalye,90.0%,7364f087-4e30-4c0a-a238-85b80dc0a17f,ab45030a-0c43-4569-9902-173fdc969d88,Kalye,"500,000"
Kalye - Broome St,Kalye,Kalye,85.0%,7364f087-4e30-4c0a-a238-85b80dc0a17f,ab45030a-0c43-4569-9902-173fdc969d88,Kalye,"500,000"
MáLà Project -EV- New Deal,MáLà Project,Bryant Park,91.7%,d52da048-d51d-4d20-8c94-452011134bdd,7d3e4a75-46ec-4a68-a915-4ea17e5f6c25,MáLà Project,"500,000"
MáLà Project -Bryant Park- New Deal,MáLà Project,Bryant Park,88.3%,d52da048-d51d-4d20-8c94-452011134bdd,7d3e4a75-46ec-4a68-a915-4ea17e5f6c25,MáLà Project,"500,000"
MáLà Project -Midtown- New Deal,MáLà Project,Bryant Park,83.5%,d52da048-d51d-4d20-8c94-452011134bdd,7d3e4a75-46ec-4a68-a915-4ea17e5f6c25,MáLà Project,"500,000"
Chambers - New Deal,Chambers,Tribeca,89.0%,0b393047-5ff6-451d-bc51-00bcdfe55ca7,f04a9437-94d4-44c5-acb4-7209d3d0d260,Chambers,"500,000"
The Cactus Shop - New Deal,The Cactus Shop,Williamsburg,91.0%,136ac5ad-cbc4-4ce8-852d-75ba6045cddc,60b5c873-4bef-4725-b076-6a7f25ed6b2b,The Cactus Shop,"500,000"
Avenida - New Deal,Avenida,Midtown,85.9%,16b0a635-3fd7-489e-830a-70ff4b4dad20,d53f41c7-d561-4c90-9154-9a606c7effe3,Host Restaurants,"500,000"
Elixir - New Deal,Elixir,Mission,82.1%,f1723d23-1f1b-454f-859a-961fdff56630,1001c1bf-5d88-4e3f-91a6-0f8969885e89,Elixir,"500,000"
carminestreetbeers.com - New Deal,Carmine Street Beers,West Village,90.6%,f0a1a4e2-605c-41f6-8f23-909cc77bba5f,4c87536c-7a01-4b05-9f44-0478c8b14c37,Carmine Street Beers,"500,000"
Huriyali Gardens (Downtown),Huriyali,Downtown,83.5%,87cfb4b0-57a4-49df-9657-00a324034758,37cf4b00-51ce-43be-a594-ba87c014a209,Huriyali,"500,000"
5ive Spice- Grammercy - New Deal,5ive Spice,Gramercy,86.3%,2ee3a98e-7dd4-4aed-a676-d6d63af96105,043b7e52-9ee4-4913-bf96-9b3a265618d4,5ive Spice,"500,000"
Le Monde,Almond,Bridgehampton,81.4%,809d1ca3-00c2-4a0e-9910-3b54db57c4a3,4f4eac88-d4a2-4a1a-89cc-646d0c331f1a,Almond Restaurants,"500,000"
Acadia,Chada,Greenwich Village,82.7%,17817c64-31f7-4624-ad5e-6dc0570428cb,085e9114-4a8f-4468-b983-59905d4864d1,Chada,"500,000"
Debajo - New Deal,Debajo,NoMad,82.1%,86bc9c75-67eb-4ebf-b493-635d2701bea3,55411d82-ec1f-4454-bf96-904ef64cf4ae,Debajo,"500,000"
Rolo's - New Deal,Rolo’s,Ridgewood,87.1%,062c9193-eaad-460d-b865-4dacdce07353,f204faf9-4964-4be0-b729-c748ffc1e43b,Rolo's,"500,000"
Ritual - New Deal,Ritual,Radcliffborough,82.1%,b64099f4-72a5-4a72-81ca-179da80b9fc0,5b805922-ea2b-4fe3-8a4a-87c3610f583e,Ritual,"500,000"
TALEA Beer Co. - West Village,Criollas West Village,West Village,83.6%,ff22710d-c7ce-4fea-8aca-5301f23b20f9,c0a7f98b-d21e-49b6-b627-1c26939729ef,Criollas Baked Empanadas,"500,000"
TALEA Beer Co. - Williamsburg,Veselka Williamsburg,Williamsburg,85.1%,5a02aa66-fc07-4b42-b412-c13515a47316,a5197cd6-00a1-408a-9e6e-a2669e1c6417,Veselka,"500,000"
Tacombi - Ft Greene,Tacombi,Financial District,83.3%,e8885919-1c59-488a-8fb9-943b33ac508b,b448af3d-5c91-40c4-b344-1fb000d39cfa,Tacombi,"500,000"
Tacombi - Williamsburg,Tacombi,Financial District,81.9%,e8885919-1c59-488a-8fb9-943b33ac508b,b448af3d-5c91-40c4-b344-1fb000d39cfa,Tacombi,"500,000"
Tacombi - Flatiron,Tacombi,Financial District,90.9%,e8885919-1c59-488a-8fb9-943b33ac508b,b448af3d-5c91-40c4-b344-1fb000d39cfa,Tacombi,"500,000"
Tacombi - Westbury,Tacombi,Financial District,90.9%,e8885919-1c59-488a-8fb9-943b33ac508b,b448af3d-5c91-40c4-b344-1fb000d39cfa,Tacombi,"500,000"
Other Half Brewing - 600 5th Ave,Other Half,Gowanus,85.0%,3d7055dc-acb5-4e31-8b18-cc5f1c904e1d,55fb9cdf-aff9-4bc0-af31-c015e608ee09,Other Half Brewing,"500,000"
Other Half Brewing - 34 River Street,Other Half,Gowanus,80.5%,3d7055dc-acb5-4e31-8b18-cc5f1c904e1d,55fb9cdf-aff9-4bc0-af31-c015e608ee09,Other Half Brewing,"500,000"
Bati - New Deal,Bati,Clinton Hill,82.1%,acdd28eb-256b-4b7f-b2da-194ef241bc0d,7060eafe-9f02-4b22-bd27-7439d97e8c44,Bati,"250,000"
Padoca Bakery - New Deal,Padoca Bakery - 67,Lenox Hill,83.7%,dd8f7548-9316-4bd9-9d84-5e889accccd6,a8b2f212-bc66-4c26-80a0-d26f6a7ead08,Padoca Bakery,"500,000"
Padoca Bakery (Lenox Hill),Padoca Bakery - 67,Lenox Hill,90.0%,dd8f7548-9316-4bd9-9d84-5e889accccd6,a8b2f212-bc66-4c26-80a0-d26f6a7ead08,Padoca Bakery,"500,000"
Spicy Moon East Village,Spicy Moon,Chelsea,90.6%,6f0e2833-d311-44ad-8f46-0929d46f7996,da935a47-f1c3-4491-af5d-c23fcd3b563f,Spicy Moon,"500,000"
Spicy Moon (West Village),Spicy Moon,Chelsea,90.6%,6f0e2833-d311-44ad-8f46-0929d46f7996,da935a47-f1c3-4491-af5d-c23fcd3b563f,Spicy Moon,"500,000"
Spicy Moon - Chelsea,Spicy Moon,Chelsea,91.4%,6f0e2833-d311-44ad-8f46-0929d46f7996,da935a47-f1c3-4491-af5d-c23fcd3b563f,Spicy Moon,"500,000"
Rory's Rooftop,Rook Rooftop,RiNo,86.9%,ade810f4-30d1-43cc-9b0d-c827140264c0,0e195f5d-f3a4-4111-9b72-9525deca5707,Sage Hospitality Group,"250,000"
Tacombi - Bethesda,Tacombi,Financial District,90.9%,e8885919-1c59-488a-8fb9-943b33ac508b,b448af3d-5c91-40c4-b344-1fb000d39cfa,Tacombi,"500,000"
Tacombi - Arlington,Tacombi,Financial District,88.3%,e8885919-1c59-488a-8fb9-943b33ac508b,b448af3d-5c91-40c4-b344-1fb000d39cfa,Tacombi,"500,000"
Oxomoco - New Deal,Oxomoco,Greenpoint,85.9%,5d1410f3-69ed-4fbb-8b39-ba02ac3b949e,921df105-4fab-4b8c-82ba-7ef8e55db0e7,Speedy Romeo,"250,000"
Saturn Road - New Deal,Saturn Road,Cobble Hill,91.0%,20aa10a7-feac-4f5c-8c5c-fd46bc5d621b,c24cc730-2233-4931-b698-36e34ec43d27,Saturn Road,"250,000"
Tacombi - Westport,Tacombi,Financial District,90.9%,e8885919-1c59-488a-8fb9-943b33ac508b,b448af3d-5c91-40c4-b344-1fb000d39cfa,Tacombi,"500,000"
Peasant - New Deal,Peasant,Nolita,85.9%,1f27acf7-bbb7-4855-b423-9721ff613d50,4f0b4f64-1d1e-4af3-b88f-14e93240eacb,Apres Cru,"500,000"
MOKYO - New Deal,Mokyo,East Village,87.6%,7c7e3999-754f-4f77-b2c5-86073780b52d,21fafd0a-8e9e-4b60-8c5d-b4486d7a90e8,Mokyo / Thursday Kitchen,"250,000"
Taco Boy - Summerville,Taco Boy,Downtown,87.1%,3a2fe785-392b-4dfd-ac37-b58f06693fe5,dcd6fd21-f7ef-481d-ad65-ba20ebce56d8,Taco Boy / Park & Grove,"500,000"
Sesame Burgers & Beer - Mt. Pleasant - Mt. Pleasant,Sesame Burgers and Beer,Mt. Pleasant,82.6%,2a2d5b7a-9589-4dd3-83c8-5f51dcbfb520,5da42aa8-f3cf-4f61-9962-4dbc31bb6776,Glowfisch Hospitality,"250,000"
Pastai - New Deal,Pastai,Chelsea,82.1%,8a94ebb5-5e7c-4673-baa7-4665ebe0a56a,50319939-f1e3-4bc6-b2a5-bc2e54b02831,Pastai,0
Attaboy - New Deal,Attaboy,Lower East Side,85.9%,a0764262-dbba-4a83-9d3b-7a37eda5dcb3,67829338-bc96-4832-8038-8bddb2b47ca6,Attaboy,"250,000"
Little More - New Deal,Little More,Little More,91.0%,bce9d870-a1b2-4750-80b5-050dd82dfe2f,c7ce4471-e490-493b-8c85-d2709b648ce0,Little More,"250,000"
Momoya Soho- New Deal,Momoya,SoHo,81.2%,480790b6-58b6-4782-9868-db510a127de3,6cf6a366-c460-4972-82c1-4f8e79bc17b8,Momoya,"250,000"
Mano a Mano - New Deal,Mano a Mano,Logan Square,91.0%,10b0ac38-1a01-4163-8776-1154d90ce6dd,b8d1188d-8e54-4544-9fae-252d6369e027,Eat Well Hospitality,"250,000"
Emblem - New Deal,Emblem,Williamsburg,82.1%,dd50d551-baee-4ece-b987-7ee8f443aa5e,e561f7f5-88a7-4d5b-be6a-8e5d6f5a8c89,Emblem,"250,000"
Miznon - The Hugh,Miznon,Chelsea,90.6%,8cd3c015-bb67-4639-999c-9a75e064287b,911dfde3-a6f0-461c-bc3e-5cc82ff9c0ce,The Good People Group,"250,000"
Shmone Wine Bar,Shmoné Wine,Greenwich Village,86.9%,772eeb6c-0090-45b6-bdda-e5ba2e9c44bc,911dfde3-a6f0-461c-bc3e-5cc82ff9c0ce,The Good People Group,"250,000"
Miznon Chelsea Market,Friedman's Chelsea Market,Friedmans Chelsea Market,83.9%,365f2175-2f96-4296-9ab2-47d250e2898f,fcab5650-6899-4643-912b-ac602728d0e0,Friedman's,"250,000"
Levantine - New Deal,Levantine,East Williamsburg,91.7%,f0392e8f-779d-4bfa-9af2-2a563a39c874,a69e38cb-d31c-42eb-b057-2672ea1e2b58,Levantine,"250,000"
Deccan House,Pecking House,Chinatown,82.0%,5ada383a-1811-403e-b824-eb6002a337bd,62f0bfe6-9e0e-45d7-810f-56e7914c3ca7,Pecking House,"250,000"
Postcard - New Deal,Postcard,West Village,89.0%,73b0cd74-b84e-4bbc-9252-9bd76c4a3124,f9e2e4c6-d17e-4839-931d-68ccdc14e082,Nami Nori and Postcard,"250,000"
Birdee - New Deal,Birdee,Williamsburg,82.1%,e0c81b08-1909-4ae9-8326-289c2fbacc8d,7c435f30-a2ba-4393-83ee-86aff33a72e1,Saga Hospitality Group,"250,000"
Passerine - New Deal,Passerine,Flatiron,91.7%,e4ff4096-1a94-44c7-829d-349a7b69f74d,eb2da6b9-70d1-4d35-b36d-4b1d9d84b69b,Passerine,"250,000"
Polly's Cafe Rodgers Ave - New Deal,Polly's Cafe,Crown Heights,88.3%,1a3827bb-d692-4e53-809f-426131bff5ad,3df55958-2e40-45a2-b1d3-1712c72f2a00,Polly's Cafe,"500,000"
Polly's Cafe Classon Ave - New Deal,Polly's Cafe,Crown Heights,88.3%,1a3827bb-d692-4e53-809f-426131bff5ad,3df55958-2e40-45a2-b1d3-1712c72f2a00,Polly's Cafe,"250,000"
Blind Tiger - New Deal,Blind Tiger,West Village,91.0%,0b8ba2a7-9b62-4ffc-af58-780cbcbe8423,20b47dc3-d8ec-4bd7-bb48-d529f9548e8b,Blind Tiger,"250,000"
Indigo - New Deal,Indigo,Marina,82.1%,6d54ae82-f4a0-478e-bc9f-88f78d46283e,3e08432a-dd35-4918-bd5e-0c5b1b02a225,Indigo,"500,000"
Unregular Pizza Union Square - New Deal,Unregular Pizza,Lower East Side,82.7%,8679d471-40a0-46b8-b41b-7d18c249226b,8cf91e48-faf9-4df5-9552-f46a0bd0d1cd,Unregular Pizza,"1,000,000"
Cafe Ora,Cafe Patoro,Financial District,83.7%,2c79c548-c5da-4bd9-bdf5-6dce67b8afb2,e8826aad-776b-4f6b-843a-4e79484068b4,Cafe Patoro,"200,000"
Golden Owl Tavern,Goldie's Tavern,Chelsea,91.2%,db146718-fa00-4bdb-8e1a-c2978c523b2f,c6198d66-7c44-4e7c-a1fe-a61a21f5179f,Goldies/Little Dipper,"200,000"
Asbury Lanes,The Mary Lane,West Village,86.2%,31ece492-eb0a-4946-8fed-7fa9bb05fe34,8093a865-0fb0-4489-8c24-88eeb5c9036f,Blackfoot Hospitality,"200,000"
Vintage Rooftop,Stars Rooftop,Radcliffborough,81.4%,cf4d5678-3f71-4d7d-b805-513297ceca24,5ebb6cfa-091f-4ea4-807b-22cbe4a15f3a,Rudy Royale / Stars / Lillian's,"200,000"
Urban Farmer Portland,Urban Farmer Denver,LoDo,85.0%,71718bda-61aa-493f-9a76-35458d3dbbfd,0e195f5d-f3a4-4111-9b72-9525deca5707,Sage Hospitality Group,"200,000"
The Original,Little Original Joe's,Marina,80.2%,83ea0413-0dc9-4991-afab-eb0dfb7b24c4,617e2307-6c12-45e1-962b-b6497fab3a60,Original Joe's Group,"200,000"
Little Summer,Little More,Little More,85.0%,bce9d870-a1b2-4750-80b5-050dd82dfe2f,c7ce4471-e490-493b-8c85-d2709b648ce0,Little More,"200,000"
Pizzette - New Deal,Pizzette,Williamsburg,89.0%,5e476598-04c9-40e9-af04-d623ae785abd,62de990a-110c-4fcf-966a-573c01d1258e,Pizzette,"250,000"
Howells - New Deal,Howells,Marina,85.9%,d1c13efa-6495-472d-be13-1e71d2166195,7fa791c8-db0b-48fa-832f-dd13b6b9d4a3,Howells,"250,000"
Misirizzi,Misi,Misi,86.5%,7a99172c-833d-4a15-92fe-71e89cb17ba6,53e0ab26-afb7-4936-94e8-b752b77dc4b6,Grovehouse Hospitality Group,"250,000"
Moby's - New Deal,Moby's,Amagansett,87.1%,4de85a0b-da9d-4c88-b611-b0f7580154e8,4a0e264d-bc32-4718-8053-ac0a183defb0,Brass / Moby's,"250,000"
Caffe Sport - New Deal,Caffe Sport,North Beach,91.0%,400dccf7-0917-43c7-8750-20fda21ba3e1,38ded44c-08a2-4c81-92aa-0ceeb2998ee8,Caffe Sport Group,"250,000"
Last Drop Tavern,Andros Taverna,Logan Square,83.3%,7d952882-e0a2-4be7-ba63-a1cc418d03f1,b8d1188d-8e54-4544-9fae-252d6369e027,Eat Well Hospitality,"250,000"
Cohche Comedor - New Deal,Coche Comedor,Amagansett,82.2%,c780fb06-8720-48fc-a3b5-d8d792dab2b1,d350c077-3db0-48a5-9cde-874d9aa93044,Honest Man Hospitality,"250,000"
Costa,CO Restaurant,Radcliffborough,82.1%,47556a2a-1fe9-45da-9719-5c332b2b3609,a7cdd59e-2cf5-47f6-8dce-c0f083cedbbb,CO Restaurant,"250,000"
The Ten Bells BK - New Deal,The Ten Bells,Lower East Side,85.0%,d1b9ca4e-4015-4d25-bca8-ee4ef34a803e,0ce33b30-08bd-470d-96b6-40084f69f35d,The Ten Bells,"250,000"
La Newyorkina (Red Hook) - New Deal,La Newyorkina,Meatpacking,84.1%,12f6b968-ef3d-42bc-8a3a-365def88f167,9eaddf20-157d-40fd-a46d-e5d17aef26ee,La Newyorkina,"250,000"
La Newyorkina (HighLine) - New Deal,La Newyorkina,Meatpacking,84.1%,12f6b968-ef3d-42bc-8a3a-365def88f167,9eaddf20-157d-40fd-a46d-e5d17aef26ee,La Newyorkina,"250,000"
Carissa's the Bakery - Bay Street Sag Harbor,Carissa's Bakery,Amagansett,84.3%,e637971f-536b-47a5-91ba-cddad208e73c,ac4e7347-43e8-4b9a-b67d-2f00844b0369,Carissa's,"250,000"
Carissa's the Bakery - Newtown East Hampton,Carissa's Bakery,Amagansett,90.4%,e637971f-536b-47a5-91ba-cddad208e73c,ac4e7347-43e8-4b9a-b67d-2f00844b0369,Carissa's,"250,000"
Bar Six - New Deal,Bar Six,Greenwich Village,90.9%,28887ce9-8a7f-4347-a7dd-f71c98c376a3,86d0b759-0c16-49fa-8627-d40f165ac09a,Bar Six,"250,000"
"California Kahve (Lincoln, Presidio) - New Deal",California Kahve,California Kahve,90.2%,9b1d16fa-0b2d-4197-a306-583e3405f7ab,b91064e5-81c0-4ffb-a745-8ae194807f99,California Khave,"500,000"
Tolo - New Deal,Tolo,Lower East Side,82.1%,554dd5e3-cb3c-415b-8d8f-23973373a903,e8b3b1d6-929c-4ee6-8457-9740a8290d9c,Parcelle,"250,000"
Mitsuru - New Deal,Mitsuru,Greenwich Village,85.9%,6c782b7d-5481-4a9a-91f8-60967697797d,e8b3b1d6-929c-4ee6-8457-9740a8290d9c,Parcelle,"250,000"
Aftermath - New Deal,Aftermath,Ridgewood,91.7%,00221d4f-9bfe-412f-8fc9-1e930b22c01e,ca424774-a65e-4b7d-9476-7c99d595644c,Aftermath,"250,000"
Rintaro - New Deal,Rintaro,Mission,85.9%,3db65045-237f-4b31-8bc3-72ffa182ef34,89b26cdf-ac95-423d-8eed-44dcfbc9966d,Rintaro,"250,000"
"886 (886, WenWen)",Wenwen,Greenpoint,90.0%,417d4e02-fd69-4dd7-bab3-1fd73a909a9a,7a00f980-5ed0-4542-9aa1-4c041595876a,eighteightsix,"250,000"
Ilis - New Deal,ILIS,ILIS,82.1%,1a8906d6-8b8f-4197-b28f-2cc60f97c050,cebaad7f-c139-46e9-81da-3eb16cb0a751,Ilis,"250,000"
THE SANDWICH BOARD - Family Style,The Sandwich Board x Complex,Industry City,80.6%,4dbd4cfd-5a2b-44f4-8880-626faefd9231,4a9fa8aa-87eb-4173-b955-95dc817a6e6b,The Sandwich Board,0
Lunch (Lobster Roll Restaurant) - Southampton,Lobster Roll Restaurant,Amagansett,87.1%,62b2c5bc-7c46-470b-9596-f9078a05d724,b974a961-4dae-48bd-8699-9bbfa4719cf4,Lunch Lobster Roll,"250,000"
BLT Prime (NYC) - New Deal,BLT Prime,Upper East Side,83.1%,33e3e1ce-1863-47fe-a15b-533c6760277f,d01f8c4b-d24e-4188-aeaa-1a65d2b7d2a6,BLT Prime,"250,000"
KUMISO - New Deal,KUMISO,East Hampton,82.1%,db6e61cc-0c59-412b-9d8e-2f3d5ffb21d3,b934c7d1-235a-4871-905d-5c00d7945f45,Tip Top Hospitality,"250,000"
Smokey Buns - New Deal,Smokey Buns,East Hampton,91.0%,27c20ee3-181d-45ac-977c-6986218bd2bf,b934c7d1-235a-4871-905d-5c00d7945f45,Tip Top Hospitality,"250,000"
K Pasa - New Deal,K Pasa,Sag harbor,87.1%,55ac659b-bd1b-4fa2-8be5-6196e5dd1ce4,b934c7d1-235a-4871-905d-5c00d7945f45,Tip Top Hospitality,"250,000"
Pil Pil - New Deal,Pil Pil,Upper East Side,85.9%,41c27a90-a52a-4238-b059-e89003ce79ff,78319e9b-40c9-4291-9936-0b1f96e3f9eb,Pil Pil,"250,000"
Dive Bar Pizza Slice Counter - New Deal,Dive Bar Pizza,Montauk,89.9%,9686e6ff-b576-45d4-bf4c-729fb743f13b,56d54500-b9c2-46cf-893b-d0299103a0dc,Dive Bar Pizza,0
Spike's Coffee & Teas - New Deal,Spike's Coffees and Teas,The Castro,83.1%,f4d71985-b946-435b-8494-f09da8e1551d,3cd5c8e0-2e2c-4a78-88b4-9f28d8d41aa1,Spike's Coffee & Teas,"250,000"
Frasca Food and Wine,Frasca,Pearl Street,81.2%,e0ccc49d-042c-4833-88fe-1b6d7b930187,69c8aaf5-9553-43c5-be69-e6dcc12ecf10,Frasca,"250,000"
Bresca,Briscola,Crown Heights,81.4%,db4a0287-fcc3-4d19-8cc3-547475a7d715,64ce2401-7a33-4400-8cad-683078ad24fc,LaRina,"250,000"
QUATORZE - New Deal,Quatorze,Upper East Side,89.0%,2930e5f4-cf35-40f6-9646-ee4927727a56,f99a9497-8caa-4a6c-86f7-a84ea6d25247,Quatorze,"250,000"
Petite Cerise,Petit Merle,SoHo,85.0%,75a07bf3-8fbf-4d25-9b10-b1193c713dce,c5cce5b7-6655-4007-a983-a02047a8e537,FLYBAR - Demo,"250,000"
Chi Restaurant,Tonchin,Midtown,85.0%,c04b0e3d-82a7-48d7-bb54-ea595cc3baf3,925a9c78-ed64-4df0-bd4a-124b8f64947b,Tonchin,"250,000"
Friedman's,Freemans,East Village,87.8%,0444ad46-2269-464e-b722-8d63fe938a2c,0a061081-19d9-4457-ada4-823b7f4be0ed,Banzarbar / Freemans,"250,000"
Friedmans Hell's Kitchen - New Deal,Criollas Hell's Kitchen,Hell's Kitchen,87.9%,45f037e6-a037-4bc9-a068-070ff1c11d83,c0a7f98b-d21e-49b6-b627-1c26939729ef,Criollas Baked Empanadas,"250,000"
Upstate Stock Cafe - New Deal,Upstate Stock,Williamsburg,90.0%,b88e03d2-f19c-441f-b10f-9c5ee077fc44,f0fbfccb-af1c-48a5-acff-e764b57b61ef,Upstate Stock Cafe,"250,000"
Heavy Woods - New Deal,Heavy Woods,Bushwick,91.0%,406343e0-197f-42d4-a3e3-ca0d09af1cf6,25f324f0-6fbd-4441-9a30-da52aba598a8,Heavy Woods,"250,000"
Fish N Beer - New Deal,Fish N Beer,RiNo,91.0%,94ad49c5-c5ed-4979-bc03-a65478160a49,09be19c2-8471-499c-8dc5-8b2f0f29d5af,Fish N Beer,"250,000"
Misi - New Deal,Misi,Misi,82.1%,7a99172c-833d-4a15-92fe-71e89cb17ba6,53e0ab26-afb7-4936-94e8-b752b77dc4b6,Grovehouse Hospitality Group,"250,000"
Lilia - New Deal,Lilia,Williamsburg,87.6%,e949ad29-247f-4783-9dcc-f51be1e9439c,53e0ab26-afb7-4936-94e8-b752b77dc4b6,Grovehouse Hospitality Group,"250,000"
Yingtao - New Deal,Yingtao,Hell's Kitchen,85.9%,6af13a72-bf3c-49cd-90f2-61d800576193,cfa18872-9c8c-4b42-bc12-47b28dba2f7e,Ying Tao,"250,000"
Le Farfalle - New Deal,Le Farfalle,Harleston Village,91.0%,31bd1fa1-f53c-47e8-b773-3bb50c7e22bc,7d086e0c-ddb9-4f29-a68f-e9a69c036384,Le Farfalle / Porchetta Shop,"250,000"
Lafayette,Lafayette Grand Café & Bakery,NoHo,85.0%,36d6c31a-b9ff-4377-ae14-dab006053dfd,5ef43215-f93d-420f-9bb0-266151d1be1f,Noho Hospitality Group,"200,000"
Little Fino,The Little Pig,Boerum Hill,86.2%,c8f80562-4eec-41e1-9250-aa00330f2570,a56edc29-606f-44e6-b3da-146b6054a54c,The Little Pig,"200,000"
Bar Torino,Bar Amorina,Cherry Creek,86.2%,6d2b1e6a-08ac-4e0e-8529-6da079a9ab6b,9bae59e8-836d-4de4-b7a7-3dccdde5103a,Culinary Creative Group,"200,000"
The Brakeman,Bateman's,East Village,80.6%,7e4589c7-8820-4423-91e1-c4127d259ea7,37d2b495-4625-4534-954f-f7a85286b52d,Bateman's,"200,000"
Evelina - New Deal,Evelina,Fort Greene,85.9%,2b41aa2c-c319-4733-898c-ea442e919f6b,717bf5fe-eb99-4341-8b5a-5036ac967054,Evelina,"250,000"
Maison May - New Deal,Maison May Kitchen,Fort Greene,84.9%,6a87ade1-c33e-4152-9d5e-77e868d968de,03b3c095-2087-4115-a073-908ef412ef2d,Maison May,"250,000"
Phil’s - New Deal,Phil’s,Bushwick,87.1%,d043113b-e73c-4a05-afd1-b0c00068b9b4,0f1672cf-031b-4894-bef0-d32209899196,Phil's,"250,000"
The Post Boulder,Post House,Mt. Pleasant,82.7%,4baadc40-8d69-4c1c-a7b5-12623032938f,14513b97-63b2-4874-8b17-e69a089d2dfc,Basic Projects,"250,000"
Mister Oso Boulder,Mister Oso,Boulder Area,91.4%,617a497d-01d6-4bc3-a112-34c0122d8454,9bae59e8-836d-4de4-b7a7-3dccdde5103a,Culinary Creative Group,"250,000"
Aviano,Asano,Upper East Side,82.7%,ec8bb022-2126-495e-b781-47b35e16078a,cb7b4aec-18b1-455e-b2a5-8aac059e9496,Sandro's,"250,000"
Maloya - New Deal,Maloya,Bushwick,82.1%,d4128f71-784a-44bb-8cd1-850c772a4751,ff52dd1a-20b8-4c53-a33b-6bc9a934e9be,Maloya,"250,000"
Laliko - New Deal,Laliko,West Village,82.1%,cef6cae2-05bd-4a77-aeee-cc8c823d53c0,b12fd644-82e2-43c3-90fe-4ee357f2ee9d,Laliko,"250,000"
Cart Driver - New Deal,Cart Driver,LoHi,91.0%,7799acb4-64bb-4f21-9918-13fb8cb37ed2,6e61f646-d0a1-4bf5-a199-cefe21897f3f,Cart Driver,"500,000"
Lucky Tiger - New Deal,Lucky Tiger,Financial District,91.0%,b87c417e-0cb8-4f22-ac0c-1a809ab85157,0f098ffe-79ba-424b-a13d-92bdd1123556,Lucky Tiger,"250,000"
Za-Ya - New Deal,Za-Ya,Bushwick,82.6%,62d51cc7-69bd-4527-934f-b1573cb5fe57,0b5cef84-2e09-45c7-b04b-3033b605fdd5,Za-Ya,"250,000"
River & Woods (Boulder),River and Woods,Pearl Street,89.7%,d161e167-d58d-4124-a1bd-068e1df3459c,0f4eff05-a11b-4ea7-8192-c0fa2a8be9c7,River and Woods,"250,000"
Milk Bar West Village - New Deal,Criollas West Village,West Village,82.7%,ff22710d-c7ce-4fea-8aca-5301f23b20f9,c0a7f98b-d21e-49b6-b627-1c26939729ef,Criollas Baked Empanadas,0
Milk Bar Nolita - New Deal,Milk Bar,Nolita,85.0%,198efc70-de8e-45a5-bafb-baa561cd870f,2b0a9f84-145b-4733-8498-d1dc35f37d4e,Milk Bar,0
Milk Bar DC - New Deal,Milk Bar,Nolita,82.1%,198efc70-de8e-45a5-bafb-baa561cd870f,2b0a9f84-145b-4733-8498-d1dc35f37d4e,Milk Bar,0
Milk Bar LA - New Deal,Milk Bar,Nolita,82.1%,198efc70-de8e-45a5-bafb-baa561cd870f,2b0a9f84-145b-4733-8498-d1dc35f37d4e,Milk Bar,0
Designer's Collab (Coffee shop) - New Deal,designers collab coffee.,Williamsburg,85.4%,ec8b2dbb-1202-4fc0-acc7-d7123443f163,230ebdd2-ddab-485f-b950-2a1c61bee59f,Designers Collab,"250,000"
manuela-nyc.com - New Deal,Manuela,SoHo,80.2%,f70bc0ea-406a-407f-a684-94c2e6f46e68,ccd0361b-3cde-4a64-81b8-b5c640848270,Manuela,"250,000"
Radio Kwara - New Deal,Radio Kwara,Clinton Hill,91.0%,ec95786b-6de4-4a58-9e06-dc03b5de7f64,71b83629-ffb8-40ca-a458-6520a3ddb4c6,Radio Kwara,"250,000"
Valla Table - New Deal,Valla Table,Hell's Kitchen,91.0%,2945d50e-6dde-4280-b90f-b6d9698ff05d,c2de6ed5-67c3-4b06-a747-24b327a995da,Valla Table,"250,000"
Left Hand Coffee MBH - New Deal,Left Hand Coffee,Montauk,91.1%,c16ff93b-8112-46b6-abbd-70c30f686f34,821a478c-ef94-47d7-aead-470462644bc7,Montauk Coffee Company,"250,000"
The Hamilton - New Deal,The Hamilton,Upper West Side,89.0%,33cf2c29-1142-4ec2-9870-4bfbd1464245,8c4ba9d5-2607-4669-9978-3a6c648679cc,The Hamilton,"250,000"
The Hunterian - New Deal,The Hunterian,Upper East Side,91.7%,331011d5-2d85-4f45-95f1-3e8a847d5ab4,1a337757-ce35-4b06-b894-61c234ea1973,The Hunterian,"250,000"
Caledonia Bar (UWS) - New Deal,Caledonia Bar,Upper East Side,91.7%,2e4dd69e-a207-49dd-a637-1eab8cf6ea13,99c7df4c-8557-427b-884a-858d09926c05,Caledonia Bar,"250,000"
The Homestead - New Deal,The Homestead,Mission,91.7%,3cf65b38-2cd4-4f49-b9bf-c87541153207,0096b31c-c92c-4d5d-87a6-441327809bdb,The Homestead,"250,000"
Hirohisa - New Deal,Hirohisa,SoHo,89.0%,3fa212fd-b877-48de-81f8-9fff8ae56fa3,ed6ae953-9421-4369-b274-7bdca46451e7,Hirohisa,"250,000"
Sushi Ikumi - New Deal,Sushi Ikumi,SoHo,91.0%,bf92739b-8402-43f2-b47b-59a654040469,0f0a3542-8572-4621-9477-719be0080a24,Sushi Ikumi,"250,000"
The Musket Room - New Deal,The Musket Room,Nolita,91.0%,21429244-ae0d-41fa-b485-7c4f657aa2cd,22a8a95d-7cf3-48d0-91a6-601204255504,Raf's,"250,000"
"Tacolicious (24th, SF) - New Deal",Tacolicious,Marina,91.4%,a31cd0b5-bdd7-4d26-b8c5-8ce4c187d247,ef897494-78f5-428a-88f0-54f85e80729b,Tacolicious Group,"250,000"
Tacolicious (P.A.) - New Deal,Tacolicious,Marina,87.9%,a31cd0b5-bdd7-4d26-b8c5-8ce4c187d247,ef897494-78f5-428a-88f0-54f85e80729b,Tacolicious Group,"250,000"
Santa Panza - New Deal,Santa Panza,Bushwick,91.0%,5b28569d-dc4c-4abb-8768-44e81ed0475d,c762b374-85b4-4408-b464-634caca66d66,Santa Panza,"250,000"
"NY', 'Bar Freda - New Deal",Bar Freda,Ridgewood,85.0%,2f3fbbe4-6afc-42c9-966e-c03835cc711f,19f91156-54d7-44c9-99ea-be1509b406c9,Bar Freda,0
Juanita Greenberg's (Mt. Pleasant) - New Deal,Juanita Greenberg's Nacho Royale,Mt. Pleasant,83.9%,3d35421a-2876-4c64-a2de-ca89d8089314,b3fa622e-587c-4e02-83ec-941e3df9a9d2,Juanita Greenberg's Nacho Royale,"250,000"
Bar Francis - New Deal,Bar Francis,Clinton Hill,91.0%,b4e4b60f-16e4-473a-bba7-1fc7abf94561,13e3331b-e118-4afe-9760-12348e02d405,Bar Francis,"250,000"
BierWax - New Deal,BierWax,Prospect Heights,85.9%,0c31c810-e23b-4578-8c96-f47405040a51,d2f0db0a-2d54-4c95-a28c-8b1710f4bbed,Bierwax,"250,000"
GERTIE Williamsburg,Veselka Williamsburg,Williamsburg,86.9%,5a02aa66-fc07-4b42-b412-c13515a47316,a5197cd6-00a1-408a-9e6e-a2669e1c6417,Veselka,"250,000"
